source,path,line,snippet,exists,purpose,kind,match,groups,property,value,status,error
rg,D,\COMSOL64\Multiphysics\applications\Composite_Materials_Module\Verification_Examples\simply_supported_composite_laminate_variables.txt,"2:SXX_lw lshell.SXX/q0*(th/a)^2 ""In-plane normal stress (SXX), normalized""",,,,,,,,,
rg,D,\COMSOL64\Multiphysics\applications\Composite_Materials_Module\Verification_Examples\simply_supported_composite_laminate_variables.txt,"3:SZZ_lw lshell.SZZ/q0 ""Transverse normal stress (SZZ), normalized""",,,,,,,,,
rg,D,\COMSOL64\Multiphysics\applications\Composite_Materials_Module\Verification_Examples\simply_supported_composite_laminate_variables.txt,"4:SYZ_lw lshell.SYZ/q0*th/a ""Transverse shear stress (SYZ), normalized""",,,,,,,,,
rg,D,\COMSOL64\Multiphysics\applications\Composite_Materials_Module\Verification_Examples\simply_supported_composite_laminate_variables.txt,"5:SXZ_lw lshell.SXZ/q0*th/a ""Transverse shear stress (SXZ), normalized""",,,,,,,,,
rg,D,\COMSOL64\Multiphysics\applications\Acoustics_Module\Aeroacoustics_and_Noise\helmholtz_resonator_with_flow_parameters.txt,"12:Lsource 5[cm] ""Source domain length""",,,,,,,,,
rg,D,\COMSOL64\Multiphysics\applications\Acoustics_Module\Aeroacoustics_and_Noise\helmholtz_resonator_with_flow_cgns_parameters.txt,"14:Lsource 5[cm] ""Source domain length""",,,,,,,,,
rg,D,\COMSOL64\Multiphysics\applications\Composite_Materials_Module\Verification_Examples\failure_prediction_in_a_laminated_composite_shell_safety_factors.txt,"1:mean(mean(shell.llem1.lsf1.s_f)) 1 ""Tsai-Wu orthotropic safety factor""",,,,,,,,,
rg,D,\COMSOL64\Multiphysics\applications\Composite_Materials_Module\Verification_Examples\failure_prediction_in_a_laminated_composite_shell_safety_factors.txt,"2:mean(mean(shell.llem1.lsf2.s_f)) 1 ""Hoffman safety factor""",,,,,,,,,
rg,D,\COMSOL64\Multiphysics\applications\Composite_Materials_Module\Verification_Examples\failure_prediction_in_a_laminated_composite_shell_safety_factors.txt,"3:mean(mean(shell.llem1.lsf3.s_f)) 1 ""Tsai-Hill safety factor, plane stress""",,,,,,,,,
rg,D,\COMSOL64\Multiphysics\applications\Composite_Materials_Module\Verification_Examples\failure_prediction_in_a_laminated_composite_shell_safety_factors.txt,"4:mean(mean(shell.llem1.lsf4.s_f)) 1 ""Azzi-Tsai-Hill safety factor""",,,,,,,,,
rg,D,\COMSOL64\Multiphysics\applications\Composite_Materials_Module\Verification_Examples\failure_prediction_in_a_laminated_composite_shell_safety_factors.txt,"5:mean(mean(shell.llem1.lsf5.s_f)) 1 ""Norris safety factor""",,,,,,,,,
rg,D,\COMSOL64\Multiphysics\applications\Composite_Materials_Module\Verification_Examples\failure_prediction_in_a_laminated_composite_shell_safety_factors.txt,"6:mean(mean(shell.llem1.lsf6.s_f)) 1 ""Tsai-Wu anisotropic safety factor""",,,,,,,,,
rg,D,\COMSOL64\Multiphysics\applications\Composite_Materials_Module\Verification_Examples\failure_prediction_in_a_laminated_composite_shell_failure_indices.txt,"1:mean(mean(shell.llem1.lsf1.f_i)) 1 ""Tsai-Wu orthotropic failure index""",,,,,,,,,
rg,D,\COMSOL64\Multiphysics\applications\Composite_Materials_Module\Verification_Examples\failure_prediction_in_a_laminated_composite_shell_failure_indices.txt,"2:mean(mean(shell.llem1.lsf2.f_i)) 1 ""Hoffman failure index""",,,,,,,,,
rg,D,\COMSOL64\Multiphysics\applications\Composite_Materials_Module\Verification_Examples\failure_prediction_in_a_laminated_composite_shell_failure_indices.txt,"3:mean(mean(shell.llem1.lsf3.f_i)) 1 ""Tsai-Hill failure index, plane stress""",,,,,,,,,
rg,D,\COMSOL64\Multiphysics\applications\Composite_Materials_Module\Verification_Examples\failure_prediction_in_a_laminated_composite_shell_failure_indices.txt,"4:mean(mean(shell.llem1.lsf4.f_i)) 1 ""Azzi-Tsai-Hill failure index""",,,,,,,,,
rg,D,\COMSOL64\Multiphysics\applications\Composite_Materials_Module\Verification_Examples\failure_prediction_in_a_laminated_composite_shell_failure_indices.txt,"5:mean(mean(shell.llem1.lsf5.f_i)) 1 ""Norris failure index""",,,,,,,,,
rg,D,\COMSOL64\Multiphysics\applications\Composite_Materials_Module\Verification_Examples\failure_prediction_in_a_laminated_composite_shell_failure_indices.txt,"6:mean(mean(shell.llem1.lsf6.f_i)) 1 ""Tsai-Wu anisotropic failure index""",,,,,,,,,
rg,D,\COMSOL64\Multiphysics\applications\Battery_Design_Module\Thermal_Management\thermal_runaway_propagation_physics_parameters.txt,"2:n_batt nx_batt*ny_batt ""Number of battery cells in pack""",,,,,,,,,
rg,D,\COMSOL64\Multiphysics\applications\Battery_Design_Module\Thermal_Management\thermal_runaway_propagation_physics_parameters.txt,"3:I_1C_pack Q_cell*ny_batt/1[h] ""Total 1C pack current (when applied at terminals)""",,,,,,,,,
rg,D,\COMSOL64\Multiphysics\applications\Battery_Design_Module\Thermal_Management\prismatic_battery_pack_cooling_physics_parameters.txt,"2:s_channels 4[mm] ""Channel width""",,,,,,,,,
rg,D,\COMSOL64\Multiphysics\applications\Battery_Design_Module\Thermal_Management\prismatic_battery_pack_cooling_geom_sequence_parameters.txt,"1:N_channels 4 ""Number of channels in cooling plate""",,,,,,,,,
rg,D,\COMSOL64\Multiphysics\applications\Battery_Design_Module\Thermal_Management\prismatic_battery_pack_cooling_geom_sequence_parameters.txt,"2:N_cells 16 ""Number of cells in pack (equally divisible by 4)""",,,,,,,,,
rg,D,\COMSOL64\Multiphysics\applications\Battery_Design_Module\Thermal_Management\prismatic_battery_pack_cooling_geom_sequence_parameters.txt,"5:s_ch_ch D_can/N_channels ""Channel geometry parameter""",,,,,,,,,
rg,D,\COMSOL64\Multiphysics\applications\Battery_Design_Module\Thermal_Management\prismatic_battery_cooling_physics_parameters.txt,"21:eps_cc_neg 0.1 ""Volume fraction of negative current current collectors foils in tab bundle""",,,,,,,,,
rg,D,\COMSOL64\Multiphysics\applications\Battery_Design_Module\Thermal_Management\prismatic_battery_cooling_physics_parameters.txt,"22:eps_cc_pos 0.1 ""Volume fraction of positive current current collectors foils in tab bundle""",,,,,,,,,
rg,D,\COMSOL64\Multiphysics\applications\Battery_Design_Module\Thermal_Management\prismatic_battery_cooling_geom_sequence_parameters.txt,"7:H_foils 3[mm] ""Current collector offset from can""",,,,,,,,,
rg,D,\COMSOL64\Multiphysics\applications\Battery_Design_Module\Thermal_Management\prismatic_battery_cooling_geom_sequence_parameters.txt,"8:W_foils 6[cm] ""Width of foil tab bundle""",,,,,,,,,
rg,D,\COMSOL64\Multiphysics\applications\Battery_Design_Module\Thermal_Management\prismatic_battery_cooling_geom_sequence_parameters.txt,"9:foils_offset_x 6[cm] ""Offset of foil bundle from can""",,,,,,,,,
rg,D,\COMSOL64\Multiphysics\applications\Battery_Design_Module\Thermal_Management\prismatic_battery_cooling_geom_sequence_parameters.txt,"14:H_jelly H_can-s_can*2-s_spacer-H_cc_plate-H_foils ""Jelly roll height""",,,,,,,,,
rg,D,\COMSOL64\Multiphysics\applications\Battery_Design_Module\Thermal_Management\prismatic_battery_cooling_geom_sequence_parameters.txt,"15:W_cc_plate W_foils+foils_offset_x-cc_plate_offset_x ""Width of current collector plate""",,,,,,,,,
rg,D,\COMSOL64\Multiphysics\applications\Battery_Design_Module\Thermal_Management\prismatic_battery_cooling_geom_sequence_parameters.txt,"17:R_terminal 8[mm] ""Radius of terminals""",,,,,,,,,
rg,D,\COMSOL64\Multiphysics\applications\Battery_Design_Module\Thermal_Management\li_battery_thermal_parameters.txt,44:t_pulse 300[s] Pulse time,,,,,,,,,
rg,D,\COMSOL64\Multiphysics\applications\Composite_Materials_Module\Tutorials\stacking_sequence_optimization_variables.txt,"1:FI_max_l1 intop1(lshell.atxd1(0*d_layer,lshell.lemm1.sf1.f_i)^pExp) ""Measure of maximum failure index, bottom interface""",,,,,,,,,
rg,D,\COMSOL64\Multiphysics\applications\Composite_Materials_Module\Tutorials\stacking_sequence_optimization_variables.txt,"2:FI_max_l2 intop1(lshell.atxd1(1*d_layer,lshell.lemm1.sf1.f_i)^pExp) ""Measure of maximum failure index, layer 1-layer 2 interface""",,,,,,,,,
rg,D,\COMSOL64\Multiphysics\applications\Composite_Materials_Module\Tutorials\stacking_sequence_optimization_variables.txt,"3:FI_max_l3 intop1(lshell.atxd1(2*d_layer,lshell.lemm1.sf1.f_i)^pExp) ""Measure of maximum failure index, layer 2-layer 3 interface""",,,,,,,,,
rg,D,\COMSOL64\Multiphysics\applications\Composite_Materials_Module\Tutorials\stacking_sequence_optimization_variables.txt,"4:FI_max_l4 intop1(lshell.atxd1(3*d_layer,lshell.lemm1.sf1.f_i)^pExp) ""Measure of maximum failure index, layer 3-layer 4 interface""",,,,,,,,,
rg,D,\COMSOL64\Multiphysics\applications\Composite_Materials_Module\Tutorials\stacking_sequence_optimization_variables.txt,"5:FI_max_l5 intop1(lshell.atxd1(4*d_layer,lshell.lemm1.sf1.f_i)^pExp) ""Measure of maximum failure index, layer 4-layer 5 interface""",,,,,,,,,
rg,D,\COMSOL64\Multiphysics\applications\Composite_Materials_Module\Tutorials\stacking_sequence_optimization_variables.txt,"6:FI_max_l6 intop1(lshell.atxd1(5*d_layer,lshell.lemm1.sf1.f_i)^pExp) ""Measure of maximum failure index, layer 5-layer 6 interface""",,,,,,,,,
rg,D,\COMSOL64\Multiphysics\applications\Composite_Materials_Module\Tutorials\stacking_sequence_optimization_variables.txt,"7:FI_max_l7 intop1(lshell.atxd1(6*d_layer,lshell.lemm1.sf1.f_i)^pExp) ""Measure of maximum failure index, top interface""",,,,,,,,,
rg,D,\COMSOL64\Multiphysics\applications\Composite_Materials_Module\Tutorials\composite_multiscale_variables.txt,"18:eXX comp2.at2(X0,Y0,Z0,comp2.lshell.atxd1(xd,comp2.lshell.eXX)) ""Elastic strain, XX-component from layered shell interface""",,,,,,,,,
rg,D,\COMSOL64\Multiphysics\applications\Composite_Materials_Module\Tutorials\composite_multiscale_variables.txt,"19:eYY comp2.at2(X0,Y0,Z0,comp2.lshell.atxd1(xd,comp2.lshell.eYY)) ""Elastic strain, YY-component from layered shell interface""",,,,,,,,,
rg,D,\COMSOL64\Multiphysics\applications\Composite_Materials_Module\Tutorials\composite_multiscale_variables.txt,"20:eZZ comp2.at2(X0,Y0,Z0,comp2.lshell.atxd1(xd,comp2.lshell.eZZ)) ""Elastic strain, ZZ-component from layered shell interface""",,,,,,,,,
rg,D,\COMSOL64\Multiphysics\applications\Composite_Materials_Module\Tutorials\composite_multiscale_variables.txt,"21:eXY comp2.at2(X0,Y0,Z0,comp2.lshell.atxd1(xd,comp2.lshell.eXY)) ""Elastic strain, XY-component from layered shell interface""",,,,,,,,,
rg,D,\COMSOL64\Multiphysics\applications\Composite_Materials_Module\Tutorials\composite_multiscale_variables.txt,"22:eYZ comp2.at2(X0,Y0,Z0,comp2.lshell.atxd1(xd,comp2.lshell.eYZ)) ""Elastic strain, YZ-component from layered shell interface""",,,,,,,,,
rg,D,\COMSOL64\Multiphysics\applications\Composite_Materials_Module\Tutorials\composite_multiscale_variables.txt,"23:eXZ comp2.at2(X0,Y0,Z0,comp2.lshell.atxd1(xd,comp2.lshell.eXZ)) ""Elastic strain, XZ-component from layered shell interface""",,,,,,,,,
rg,D,\COMSOL64\Multiphysics\applications\Chemical_Reaction_Engineering_Module\Tutorials\dissociation_thermo_system.xml,41:VanderWaalsArea_[0]_VanderWaalsArea,,,,,,,,,
rg,D,\COMSOL64\Multiphysics\applications\Chemical_Reaction_Engineering_Module\Tutorials\dissociation_thermo_system.xml,42:VanderWaalsVolume_[0]_VanderWaalsVolume,,,,,,,,,
rg,D,\COMSOL64\Multiphysics\applications\Chemical_Reaction_Engineering_Module\Tutorials\dissociation_thermo_system.xml,60:WilsonVolume_[0]_WilsonVolume,,,,,,,,,
rg,D,\COMSOL64\Multiphysics\applications\Chemical_Reaction_Engineering_Module\Tutorials\dissociation_thermo_system.xml,99:VanderWaalsArea_[222300]_VanderWaalsArea,,,,,,,,,
rg,D,\COMSOL64\Multiphysics\applications\Chemical_Reaction_Engineering_Module\Tutorials\dissociation_thermo_system.xml,100:VanderWaalsVolume_[1.391e-5]_VanderWaalsVolume,,,,,,,,,
rg,D,\COMSOL64\Multiphysics\applications\Chemical_Reaction_Engineering_Module\Tutorials\dissociation_thermo_system.xml,118:WilsonVolume_[0]_WilsonVolume,,,,,,,,,
rg,D,\COMSOL64\Multiphysics\applications\Chemical_Reaction_Engineering_Module\Tutorials\dissociation_thermo_system.xml,"203:  <VanderWaalsArea Comment=""User defined"">222300</VanderWaalsArea>",,,,,,,,,
rg,D,\COMSOL64\Multiphysics\applications\Chemical_Reaction_Engineering_Module\Tutorials\dissociation_thermo_system.xml,"204:  <VanderWaalsVolume Comment=""User defined"">1.391e-05</VanderWaalsVolume>",,,,,,,,,
rg,D,\COMSOL64\Multiphysics\applications\Corrosion_Module\General_Corrosion\localized_corrosion_ls_variables.txt,"4:sigmae sigma*ls.Vf1+0.1[S/m]*ls.Vf2 ""Electrolyte conductivity""",,,,,,,,,
rg,D,\COMSOL64\Multiphysics\applications\Corrosion_Module\General_Corrosion\localized_corrosion_ls_microstructure.txt,1:% Model:              localized_corrosion_ls_microstructure.mph,,,,,,,,,
rg,D,\COMSOL64\Multiphysics\applications\Corrosion_Module\General_Corrosion\biodegradation_mg_stent_vessel_variables.txt,"3:epsl epsl_blood*max(1-phils,1e-3) ""Plasma volume fraction""",,,,,,,,,
rg,D,\COMSOL64\Multiphysics\applications\Corrosion_Module\General_Corrosion\biodegradation_mg_stent_tissue_stent_variables.txt,"2:epsl epsl_tissue*max(1-phils,1e-3) ""Plasma volume fraction""",,,,,,,,,
rg,D,"\COMSOL64\Multiphysics\applications\ACDC_Module\Tutorials,_Cables\submarine_cable_f_geom_parameters.txt","6:Lsec CPcab*Nper ""Length of cable section included in model""",,,,,,,,,
rg,D,"\COMSOL64\Multiphysics\applications\ACDC_Module\Tutorials,_Cables\submarine_cable_f_geom_parameters.txt","7:Tsec 360[deg]*Tenab*Lsec/LLpha ""Twist angle of cable section included in model""",,,,,,,,,
rg,D,"\COMSOL64\Multiphysics\applications\ACDC_Module\Tutorials,_Cables\submarine_cable_b_geom_parameters.txt","4:Lsec1 1/3 ""Relative length cross bonding section 1""",,,,,,,,,
rg,D,"\COMSOL64\Multiphysics\applications\ACDC_Module\Tutorials,_Cables\submarine_cable_b_geom_parameters.txt","5:Lsec2 1-Lsec1-Lsec3 ""Relative length cross bonding section 2""",,,,,,,,,
rg,D,"\COMSOL64\Multiphysics\applications\ACDC_Module\Tutorials,_Cables\submarine_cable_b_geom_parameters.txt","6:Lsec3 1/3 ""Relative length cross bonding section 3""",,,,,,,,,
rg,D,\COMSOL64\Multiphysics\applications\Corrosion_Module\Galvanic_Corrosion\under_deposit_corrosion_variables.txt,"6:u_corprod vn_corprod*ls.intnormx*step1(0.6-phils) ""Corrosion product velocity, x-component""",,,,,,,,,
rg,D,\COMSOL64\Multiphysics\applications\Corrosion_Module\Galvanic_Corrosion\under_deposit_corrosion_variables.txt,"7:v_corprod max(vn_corprod*ls.intnormy+genext1(cd.vn*cd.ny),eps)*step1(0.6-phils) ""Corrosion product velocity, y-component""",,,,,,,,,
rg,D,\COMSOL64\Multiphysics\applications\Chemical_Reaction_Engineering_Module\Thermodynamics\distillation_column_parameters.txt,"15:Ls Lr+F ""Liquid rate stripping""",,,,,,,,,
rg,D,\COMSOL64\Multiphysics\applications\Chemical_Reaction_Engineering_Module\Thermodynamics\distillation_column_parameters.txt,"25:uLs Ls*0.022414[m^3/mol]/A ""Liquid velocity stripping""",,,,,,,,,
rg,D,\COMSOL64\Multiphysics\applications\Chemical_Reaction_Engineering_Module\Thermodynamics\dissociation_thermo_system.xml,41:VanderWaalsArea_[0]_VanderWaalsArea,,,,,,,,,
rg,D,\COMSOL64\Multiphysics\applications\Chemical_Reaction_Engineering_Module\Thermodynamics\dissociation_thermo_system.xml,42:VanderWaalsVolume_[0]_VanderWaalsVolume,,,,,,,,,
rg,D,\COMSOL64\Multiphysics\applications\Chemical_Reaction_Engineering_Module\Thermodynamics\dissociation_thermo_system.xml,60:WilsonVolume_[0]_WilsonVolume,,,,,,,,,
rg,D,\COMSOL64\Multiphysics\applications\Chemical_Reaction_Engineering_Module\Thermodynamics\dissociation_thermo_system.xml,99:VanderWaalsArea_[222300]_VanderWaalsArea,,,,,,,,,
rg,D,\COMSOL64\Multiphysics\applications\Chemical_Reaction_Engineering_Module\Thermodynamics\dissociation_thermo_system.xml,100:VanderWaalsVolume_[1.391e-5]_VanderWaalsVolume,,,,,,,,,
rg,D,\COMSOL64\Multiphysics\applications\Chemical_Reaction_Engineering_Module\Thermodynamics\dissociation_thermo_system.xml,118:WilsonVolume_[0]_WilsonVolume,,,,,,,,,
rg,D,\COMSOL64\Multiphysics\applications\Chemical_Reaction_Engineering_Module\Thermodynamics\dissociation_thermo_system.xml,"203:  <VanderWaalsArea Comment=""User defined"">222300</VanderWaalsArea>",,,,,,,,,
rg,D,\COMSOL64\Multiphysics\applications\Chemical_Reaction_Engineering_Module\Thermodynamics\dissociation_thermo_system.xml,"204:  <VanderWaalsVolume Comment=""User defined"">1.391e-05</VanderWaalsVolume>",,,,,,,,,
rg,D,"\COMSOL64\Multiphysics\applications\Battery_Design_Module\Lithium-Ion_Batteries,_Performance\particle_size_distribution_variables.txt","6:i_app -10[A/m^2]*step1((t-t_pulse)/1[s]) ""Applied current density""",,,,,,,,,
rg,D,"\COMSOL64\Multiphysics\applications\Battery_Design_Module\Lithium-Ion_Batteries,_Performance\particle_size_distribution_parameters.txt","14:t_pulse 30[min] ""Pulse time""",,,,,,,,,
rg,D,"\COMSOL64\Multiphysics\applications\Battery_Design_Module\Lithium-Ion_Batteries,_Performance\li_battery_sigr_hysteresis_variables.txt","3:U_offset (Eeq_Si_upper(x_Si)-Eeq_Si_lower(x_Si))/2 ""Offset between upper and lower equilibrium potentials""",,,,,,,,,
rg,D,\COMSOL64\Multiphysics\applications\Chemical_Reaction_Engineering_Module\Reactors_with_Porous_Catalysts\diesel_particulate_filter_variables.txt,"1:rho1 (p_amb+p1)*M_gas/(R_const*T1) Gas density, inlet channels",,,,,,,,,
rg,D,\COMSOL64\Multiphysics\applications\Chemical_Reaction_Engineering_Module\Reactors_with_Porous_Catalysts\diesel_particulate_filter_variables.txt,"2:rho2 (p_amb+p2)*M_gas/(R_const*T2) Gas density, outlet channels",,,,,,,,,
rg,D,\COMSOL64\Multiphysics\applications\Chemical_Reaction_Engineering_Module\Reactors_with_Porous_Catalysts\diesel_particulate_filter_variables.txt,"3:v1 -k_l*p1X Flow velocity, inlet channels",,,,,,,,,
rg,D,\COMSOL64\Multiphysics\applications\Chemical_Reaction_Engineering_Module\Reactors_with_Porous_Catalysts\diesel_particulate_filter_variables.txt,"4:v2 -k_l*p2X Flow velocity, outlet channels",,,,,,,,,
rg,D,\COMSOL64\Multiphysics\applications\Chemical_Reaction_Engineering_Module\Reactors_with_Porous_Catalysts\diesel_filter_parameters.txt,20:kappa_m 1e-11[m^2] Permeability in filter walls,,,,,,,,,
rg,D,\COMSOL64\Multiphysics\applications\Chemical_Reaction_Engineering_Module\Reactors_with_Porous_Catalysts\diesel_filter_parameters.txt,"28:Cp_m 1120[J/kg/K] Mixture heat capacity, filter walls",,,,,,,,,
rg,D,\COMSOL64\Multiphysics\applications\Chemical_Reaction_Engineering_Module\Reactors_with_Porous_Catalysts\diesel_filter_parameters.txt,"30:k_m 0.85[W/m/K] Mixture thermal conductivity, filter walls",,,,,,,,,
rg,D,\COMSOL64\Multiphysics\applications\Chemical_Reaction_Engineering_Module\Reactors_with_Porous_Catalysts\diesel_filter_parameters.txt,"32:rho_m 1400[kg/m^3] Mixture density, filter walls",,,,,,,,,
rg,D,\COMSOL64\Multiphysics\applications\COMSOL_Multiphysics\Structural_Mechanics\traveling_load_parameters.txt,6:PulseWidth 2[m] Width of load pulse,,,,,,,,,
rg,D,\COMSOL64\Multiphysics\applications\COMSOL_Multiphysics\Structural_Mechanics\traveling_load_parameters.txt,7:PulseSpacing 20[m] Distance between load pulses,,,,,,,,,
rg,D,\COMSOL64\Multiphysics\applications\COMSOL_Multiphysics\Structural_Mechanics\traveling_load_parameters.txt,8:LoadSpeed 20[m/s] Velocity of the load pulse,,,,,,,,,
rg,D,\COMSOL64\Multiphysics\applications\COMSOL_Multiphysics\Structural_Mechanics\traveling_load_parameters.txt,10:Tstep2 PulseWidth/LoadSpeed/2 Time step limit based on load velocity,,,,,,,,,
rg,D,\COMSOL64\Multiphysics\applications\COMSOL_Multiphysics\Structural_Mechanics\traveling_load_parameters.txt,12:Tend TotLength/LoadSpeed Time when first load pulse reaches beam end,,,,,,,,,
rg,D,\COMSOL64\Multiphysics\applications\COMSOL_Multiphysics\Structural_Mechanics\traveling_load_parameters.txt,"13:ElemPerSpan max(ceil(SpanWidth/PulseWidth*2),20) Number of elements along a span",,,,,,,,,
rg,D,\COMSOL64\Multiphysics\applications\COMSOL_Multiphysics\Structural_Mechanics\traveling_load_parameters.txt,15:CriticalSpeed f0*2*SpanWidth Estimated critical speed,,,,,,,,,
rg,D,"\COMSOL64\Multiphysics\applications\Battery_Design_Module\Lithium-Ion_Batteries,_Performance\lib_power_losses_parameters.txt","1:t_pulse 10[s] ""Pulse time""",,,,,,,,,
rg,D,"\COMSOL64\Multiphysics\applications\Battery_Design_Module\Lithium-Ion_Batteries,_Performance\lib_power_losses_parameters.txt","2:t_rest 20[s] ""Rest time between pulses""",,,,,,,,,
rg,D,"\COMSOL64\Multiphysics\applications\Battery_Design_Module\Lithium-Ion_Batteries,_Performance\lib_power_losses_parameters.txt","3:I_pulse 10[A] ""Cell current during pulse""",,,,,,,,,
rg,D,\COMSOL64\Multiphysics\applications\CAD_Import_Module\Tutorial_Examples\loudspeaker_enclosure.step,"4: * from STEP Tools, Inc. (www.steptools.com) ",,,,,,,,,
rg,D,\COMSOL64\Multiphysics\applications\CFD_Module\Single-Phase_Flow\air_filter_parameters_1.txt,"2:N_h 3 ""Horizontal number of cells""",,,,,,,,,
rg,D,\COMSOL64\Multiphysics\applications\CFD_Module\Single-Phase_Flow\air_filter_parameters_1.txt,"3:N_v N_h ""Vertical number of cells""",,,,,,,,,
rg,D,\COMSOL64\Multiphysics\applications\Corrosion_Module\Cathodic_Protection\cp_with_anode_deformation_variables.txt,"2:epsl max(min(phils,1),1e-3) ""Electrolyte volume fraction""",,,,,,,,,
rg,D,\COMSOL64\Multiphysics\applications\Corrosion_Module\Cathodic_Protection\cp_with_anode_deformation_variables.txt,"3:phils_init min(1,2*sphavg(h_interface,dom==1,8)) ""Initial level set variable expression""",,,,,,,,,
rg,D,\COMSOL64\Multiphysics\applications\Corrosion_Module\Cathodic_Protection\cp_with_anode_deformation_parameters.txt,"6:h_interface 1e-2[m] ""Level set interface thickness""",,,,,,,,,
rg,D,\COMSOL64\Multiphysics\applications\Design_Module\Tutorial_Examples\loudspeaker_enclosure.step,"4: * from STEP Tools, Inc. (www.steptools.com) ",,,,,,,,,
rg,D,\COMSOL64\Multiphysics\applications\Wave_Optics_Module\Gratings_and_Metamaterials\metasurface_beam_deflector_parameters.txt,"9:N 6 ""Number of unit cells""",,,,,,,,,
rg,D,\COMSOL64\Multiphysics\applications\Design_Module\Tutorial_Examples\ladder_frame_geom.step,"4: * from STEP Tools, Inc. (www.steptools.com) ",,,,,,,,,
rg,D,\COMSOL64\Multiphysics\applications\CFD_Module\Multiphase_Flow\pem_electrolyzer_parameters.txt,"2:N_ch_full_cell 23 ""Number of electrodes channels, full cell""",,,,,,,,,
rg,D,\COMSOL64\Multiphysics\applications\CFD_Module\Multiphase_Flow\pem_electrolyzer_geom_sequence_parameters.txt,"1:N_ch 23 ""Number of electrode channels""",,,,,,,,,
rg,D,"\COMSOL64\Multiphysics\applications\Acoustics_Module\Tutorials,_Pressure_Acoustics\gaussian_pulse_perfectly_matched_layers_parameters.txt","6:alpha log(2)/9 ""Gaussian pulse width""",,,,,,,,,
rg,D,"\COMSOL64\Multiphysics\applications\Acoustics_Module\Tutorials,_Pressure_Acoustics\gaussian_pulse_perfectly_matched_layers_parameters.txt","7:beta 0.04 ""Gaussian pulse velocity factor""",,,,,,,,,
rg,D,\COMSOL64\Multiphysics\applications\Wave_Optics_Module\Couplers_Filters_and_Mirrors\time_to_frequency_fft_distributed_bragg_reflector_parameters.txt,"21:Td 1/(2*f0) ""Pulse duration""",,,,,,,,,
rg,D,"\COMSOL64\Multiphysics\applications\Acoustics_Module\Tutorials,_Pressure_Acoustics\gaussian_pulse_absorbing_layers_parameters.txt","6:alpha log(2)/9 ""Gaussian pulse width""",,,,,,,,,
rg,D,"\COMSOL64\Multiphysics\applications\Acoustics_Module\Tutorials,_Pressure_Acoustics\gaussian_pulse_absorbing_layers_parameters.txt","7:beta 0.04 ""Gaussian pulse velocity factor""",,,,,,,,,
rg,D,\COMSOL64\Multiphysics\applications\Wave_Optics_Module\Couplers_Filters_and_Mirrors\sesam_laser_heating_beam_parameters.txt,"1:lda0 1.03[um] ""Pulse Wavelength""",,,,,,,,,
rg,D,\COMSOL64\Multiphysics\applications\Wave_Optics_Module\Couplers_Filters_and_Mirrors\sesam_laser_heating_beam_parameters.txt,"3:Rrep ""1[MHz]"" ""Pulse repetition rate""",,,,,,,,,
rg,D,\COMSOL64\Multiphysics\applications\Wave_Optics_Module\Couplers_Filters_and_Mirrors\sesam_laser_heating_beam_parameters.txt,"6:tau_p 1[ps] ""Pulse duration""",,,,,,,,,
rg,D,\COMSOL64\Multiphysics\applications\Design_Module\Tutorial_Examples\bracket_import_optimization_geom.step,"4: * from STEP Tools, Inc. (www.steptools.com) ",,,,,,,,,
rg,D,\COMSOL64\Multiphysics\applications\Uncertainty_Quantification_Module\Tutorials\bracket_uncertainty_quantification_parameters.txt,"5:YC -ls+r2 ""Y-coordinate of hole center""",,,,,,,,,
rg,D,\COMSOL64\Multiphysics\applications\Uncertainty_Quantification_Module\Tutorials\bracket_uncertainty_quantification_geom_sequence_parameters.txt,"8:ls 0.35[m] ""Side length""",,,,,,,,,
rg,D,\COMSOL64\Multiphysics\applications\Acoustics_Module\Nonlinear_Acoustics\thermoacoustic_engine_heat_pump_parameters.txt,"11:f0 c/(4*tube_L) ""Frequency of initiation pulse""",,,,,,,,,
rg,D,\COMSOL64\Multiphysics\applications\Acoustics_Module\Building_and_Room_Acoustics\wave_based_room_admittance_wall.txt,1:% Model:              materials_data.mph,,,,,,,,,
rg,D,\COMSOL64\Multiphysics\mli\connectserver.m,8:% See also: mphstart,,,,,,,,,
rg,D,\COMSOL64\Multiphysics\mli\Contents.m,9:%   mmmodelinfo   - Model info for models stored in Model Manager or as files,,,,,,,,,
rg,D,\COMSOL64\Multiphysics\mli\cyclic.m,7:%   See also: colortable,,,,,,,,,
rg,D,\COMSOL64\Multiphysics\mli\disco.m,7:%   See also: colortable,,,,,,,,,
rg,D,\COMSOL64\Multiphysics\mli\discolight.m,7:%   See also: colortable,,,,,,,,,
rg,D,\COMSOL64\Multiphysics\mli\grayprint.m,7:%   See also: colortable,,,,,,,,,
rg,D,\COMSOL64\Multiphysics\mli\functionSignatures.json,"397:        ""type"": [[""char""], [""cellstr""]],",,,,,,,,,
rg,D,\COMSOL64\Multiphysics\mli\functionSignatures.json,"481:        ""type"": [[""char""], [""cellstr""]],",,,,,,,,,
rg,D,\COMSOL64\Multiphysics\mli\functionSignatures.json,"727:        ""type"": [[""char""], [""cellstr""]],",,,,,,,,,
rg,D,\COMSOL64\Multiphysics\mli\functionSignatures.json,"761:        ""type"": ""choices=cellstr(char(model.param.get(paramname)))"",",,,,,,,,,
rg,D,\COMSOL64\Multiphysics\mli\functionSignatures.json,"989:        ""type"": [[""char""], [""cellstr""]],",,,,,,,,,
rg,D,\COMSOL64\Multiphysics\mli\functionSignatures.json,"1031:        ""type"": [[""char""], [""cellstr""]],",,,,,,,,,
rg,D,\COMSOL64\Multiphysics\mli\functionSignatures.json,"1159:        ""type"": [[""char""], [""cellstr""]],",,,,,,,,,
rg,D,\COMSOL64\Multiphysics\mli\functionSignatures.json,"1165:        ""type"": [[""char""], [""cellstr""]],",,,,,,,,,
rg,D,\COMSOL64\Multiphysics\mli\functionSignatures.json,"1381:        ""type"": [[""char""], [""cellstr""]],",,,,,,,,,
rg,D,\COMSOL64\Multiphysics\mli\functionSignatures.json,"1443:        ""type"": [[""char""], [""cellstr""]],",,,,,,,,,
rg,D,\COMSOL64\Multiphysics\mli\functionSignatures.json,"1519:        ""type"": [[""char""], [""cellstr""]],",,,,,,,,,
rg,D,\COMSOL64\Multiphysics\mli\functionSignatures.json,"2163:        ""type"": ""choices={'flnullorth','flspnull','explicitsp','explicitorth','auto'}"",",,,,,,,,,
rg,D,\COMSOL64\Multiphysics\mli\functionSignatures.json,"2339:        ""purpose"": ""Minimum distance between coordinates in curves (in pixels)""",,,,,,,,,
rg,D,\COMSOL64\Multiphysics\mli\functionSignatures.json,"2464:        ""name"": ""Edgelabels"",",,,,,,,,,
rg,D,\COMSOL64\Multiphysics\mli\functionSignatures.json,"2467:        ""purpose"": ""Edge labels""",,,,,,,,,
rg,D,\COMSOL64\Multiphysics\mli\functionSignatures.json,"2470:        ""name"": ""Edgelabelscolor"",",,,,,,,,,
rg,D,\COMSOL64\Multiphysics\mli\functionSignatures.json,"2473:        ""purpose"": ""Edge labels color""",,,,,,,,,
rg,D,\COMSOL64\Multiphysics\mli\functionSignatures.json,"2476:        ""name"": ""edgelabelsfontsize"",",,,,,,,,,
rg,D,\COMSOL64\Multiphysics\mli\functionSignatures.json,"2479:        ""purpose"": ""Edge labels font size""",,,,,,,,,
rg,D,\COMSOL64\Multiphysics\mli\functionSignatures.json,"2500:        ""name"": ""Facelabels"",",,,,,,,,,
rg,D,\COMSOL64\Multiphysics\mli\functionSignatures.json,"2503:        ""purpose"": ""Face labels""",,,,,,,,,
rg,D,\COMSOL64\Multiphysics\mli\functionSignatures.json,"2506:        ""name"": ""Facelabelscolor"",",,,,,,,,,
rg,D,\COMSOL64\Multiphysics\mli\functionSignatures.json,"2509:        ""purpose"": ""Face labels color""",,,,,,,,,
rg,D,\COMSOL64\Multiphysics\mli\functionSignatures.json,"2512:        ""name"": ""facelabelsfontsize"",",,,,,,,,,
rg,D,\COMSOL64\Multiphysics\mli\functionSignatures.json,"2515:        ""purpose"": ""Face labels font size""",,,,,,,,,
rg,D,\COMSOL64\Multiphysics\mli\functionSignatures.json,"2536:        ""name"": ""Vertexlabels"",",,,,,,,,,
rg,D,\COMSOL64\Multiphysics\mli\functionSignatures.json,"2539:        ""purpose"": ""Vertex labels""",,,,,,,,,
rg,D,\COMSOL64\Multiphysics\mli\functionSignatures.json,"2548:        ""name"": ""Vertexlabelscolor"",",,,,,,,,,
rg,D,\COMSOL64\Multiphysics\mli\functionSignatures.json,"2551:        ""purpose"": ""Vertex labels color""",,,,,,,,,
rg,D,\COMSOL64\Multiphysics\mli\functionSignatures.json,"2554:        ""name"": ""vertexlabelsfontsize"",",,,,,,,,,
rg,D,\COMSOL64\Multiphysics\mli\functionSignatures.json,"2557:        ""purpose"": ""Vertex labels font size""",,,,,,,,,
rg,D,\COMSOL64\Multiphysics\mli\functionSignatures.json,"2732:        ""type"": ""cellstr"",",,,,,,,,,
rg,D,\COMSOL64\Multiphysics\mli\functionSignatures.json,"2784:        ""type"": [[""char""], [""cellstr""]],",,,,,,,,,
rg,D,\COMSOL64\Multiphysics\mli\functionSignatures.json,"2832:        ""type"": [[""char""], [""cellstr""]],",,,,,,,,,
rg,D,\COMSOL64\Multiphysics\mli\functionSignatures.json,"2900:        ""name"": ""edgelabels"",",,,,,,,,,
rg,D,\COMSOL64\Multiphysics\mli\functionSignatures.json,"2903:        ""purpose"": ""Edge labels""",,,,,,,,,
rg,D,\COMSOL64\Multiphysics\mli\functionSignatures.json,"2906:        ""name"": ""edgelabelscolor"",",,,,,,,,,
rg,D,\COMSOL64\Multiphysics\mli\functionSignatures.json,"2909:        ""purpose"": ""Edge labels color""",,,,,,,,,
rg,D,\COMSOL64\Multiphysics\mli\functionSignatures.json,"2924:        ""name"": ""facelabels"",",,,,,,,,,
rg,D,\COMSOL64\Multiphysics\mli\functionSignatures.json,"2927:        ""purpose"": ""Face labels""",,,,,,,,,
rg,D,\COMSOL64\Multiphysics\mli\grayscale.m,7:%   See also: colortable,,,,,,,,,
rg,D,\COMSOL64\Multiphysics\mli\guinavigatorv2utils.m,1:% Model Navigator utils,,,,,,,,,
rg,D,\COMSOL64\Multiphysics\mli\mmfindnewest.m,2:% Find newer versions of models stored in Model Manager,,,,,,,,,
rg,D,\COMSOL64\Multiphysics\mli\mmgetalltags.m,"8:% See also: mmgetbranch, mmsearch",,,,,,,,,
rg,D,\COMSOL64\Multiphysics\mli\mmgetbranch.m,"8:% See also: mmmodelinfo, mmsave",,,,,,,,,
rg,D,\COMSOL64\Multiphysics\mli\mmgetcommit.m,"7:% [cm, msg] = MMGETCOMMIT(BRANCH, ITEM) also return the commit message.",,,,,,,,,
rg,D,\COMSOL64\Multiphysics\mli\mmgetcommit.m,"18:% See also: mmgetcommits, mmsearch, mmgetbranch",,,,,,,,,
rg,D,\COMSOL64\Multiphysics\mli\mmmodelinfo.m,2:% MMMODELINFO Get model information for models stored in Model Manager or as files,,,,,,,,,
rg,D,\COMSOL64\Multiphysics\mli\mmmodelinfo.m,"15:% See also: mphgetbranch, mmsave, mphtags",,,,,,,,,
rg,D,\COMSOL64\Multiphysics\mli\mmsave.m,"17:% See also: mmgetbranch, mmmodelinfo",,,,,,,,,
rg,D,\COMSOL64\Multiphysics\mli\mmsearch.m,"49:% % Example: Search for models where the title is ""busbar""",,,,,,,,,
rg,D,\COMSOL64\Multiphysics\mli\mmsearch.m,"53:% % Example: Search for models having a node of type analytic and a savetype of ""regular""",,,,,,,,,
rg,D,\COMSOL64\Multiphysics\mli\mmsearch.m,56:% See also: mmgetbranch,,,,,,,,,
rg,D,\COMSOL64\Multiphysics\mli\mmsearch.m,107:else,,,,,,,,,
rg,D,\COMSOL64\Multiphysics\mli\mmsearch.m,156:    else,,,,,,,,,
rg,D,\COMSOL64\Multiphysics\mli\mphaddplotdata.m,16:%   normaldata   matrix                            Data for normals (low level),,,,,,,,,
rg,D,\COMSOL64\Multiphysics\mli\mphapplicationlibraries.m,8:%   Models that are specific to Livelink for MATLAB also contains the ,,,,,,,,,
rg,D,\COMSOL64\Multiphysics\mli\mphcd.m,"7:%   See also: mphopen, mphload, mphsave",,,,,,,,,
rg,D,\COMSOL64\Multiphysics\mli\mphcomponentinfo.m,27:%   See also: mphnavigator,,,,,,,,,
rg,D,\COMSOL64\Multiphysics\mli\mphdataset.m,"21:%   See also: mphdatasetinfo, mphnavigator",,,,,,,,,
rg,D,\COMSOL64\Multiphysics\mli\mphdatasetinfo.m,"21:%   See also: mphdataset, mphnavigator",,,,,,,,,
rg,D,\COMSOL64\Multiphysics\mli\mpheval.m,"127:%   See also: mphevalglobalmatrix, mphevalpoint, mphevalpointmatrix,",,,,,,,,,
rg,D,\COMSOL64\Multiphysics\mli\mphevalglobalmatrix.m,"37:%   See also: mpheval, mphevalpoint, mphevalpointmatrix, mphglobal, mphint2, ",,,,,,,,,
rg,D,\COMSOL64\Multiphysics\mli\mphevalpoint.m,"85:%   See also: mpheval, mphevalglobalmatrix, mphevalpointmatrix, mphglobal, ",,,,,,,,,
rg,D,\COMSOL64\Multiphysics\mli\mphevalpointmatrix.m,"21:%   See also: mpheval, mphevalglobalmatrix, mphevalpoint, mphglobal, mphint2,",,,,,,,,,
rg,D,\COMSOL64\Multiphysics\mli\mphevaluate.m,2:% MPHEVALUATE Evaluate parameter expressions (constants) in models,,,,,,,,,
rg,D,\COMSOL64\Multiphysics\mli\mphevaluate.m,31:%     % Evaluate Temp in degrees Celsius and its definition in the model:,,,,,,,,,
rg,D,\COMSOL64\Multiphysics\mli\mphevaluate.m,"36:%   See also: mphgetexpressions, mphglobal, mphinterp",,,,,,,,,
rg,D,\COMSOL64\Multiphysics\mli\mphgeom.m,16:%   domainlabels       'on'|{'off'}        Show domain labels,,,,,,,,,
rg,D,\COMSOL64\Multiphysics\mli\mphgeom.m,17:%   domainlabelscolor  char|{'k'}          Color for domain labels,,,,,,,,,
rg,D,\COMSOL64\Multiphysics\mli\mphgeom.m,19:%   edgelabels         'on'|{'off'}        Show edge labels,,,,,,,,,
rg,D,\COMSOL64\Multiphysics\mli\mphgeom.m,20:%   edgelabelscolor    char {'k'}          Color for edge labels,,,,,,,,,
rg,D,\COMSOL64\Multiphysics\mli\mphgeom.m,27:%   facelabels         'on' | {'off'}      Show face labels,,,,,,,,,
rg,D,\COMSOL64\Multiphysics\mli\mphgeom.m,28:%   facelabelscolor    char | {'k'}        Color for face labels,,,,,,,,,
rg,D,\COMSOL64\Multiphysics\mli\mphgeom.m,33:%   vertexlabels       'on' | {'off'}      Show vertex labels,,,,,,,,,
rg,D,\COMSOL64\Multiphysics\mli\mphgeom.m,34:%   vertexlabelscolor  char | {'r'}        Color for vertex labels,,,,,,,,,
rg,D,\COMSOL64\Multiphysics\mli\mphgeom.m,51:%     % Plot the model geometry with face labels:,,,,,,,,,
rg,D,\COMSOL64\Multiphysics\mli\mphgeom.m,"52:%     mphgeom(model,'geom1','facelabels','on','facelabelscolor','r');",,,,,,,,,
rg,D,\COMSOL64\Multiphysics\mli\mphgeom.m,"61:%   See also: mphmesh, mphviewselection",,,,,,,,,
rg,D,\COMSOL64\Multiphysics\mli\mphgeominfo.m,"34:% See also: mphcomponentinfo, mphmeshstats",,,,,,,,,
rg,D,\COMSOL64\Multiphysics\mli\mphgetadj.m,"28:%   See also: mphgetcoords, mphselectball, mphselectbox, mphselectcoords, mphmeasure",,,,,,,,,
rg,D,\COMSOL64\Multiphysics\mli\mphgetcoords.m,"24:%   See also: mphgetadj, mphselectbox, mphselectcoords",,,,,,,,,
rg,D,\COMSOL64\Multiphysics\mli\mphgetexpressions.m,"17:%   See also: mphevaluate, mphgetproperties, mphgetselection, mphmodel,",,,,,,,,,
rg,D,\COMSOL64\Multiphysics\mli\mphgetfield.m,7:%   See also: mphnavigator,,,,,,,,,
rg,D,\COMSOL64\Multiphysics\mli\mphgetframe.m,"7:%   See also: mphcomponentinfo, mphnavigator",,,,,,,,,
rg,D,\COMSOL64\Multiphysics\mli\mphgetphysicsparam.m,"17:%   See also: mphnavigator, mphgetphysics",,,,,,,,,
rg,D,\COMSOL64\Multiphysics\mli\mphgetode.m,8:%   See also: mphgetexpressions,,,,,,,,,
rg,D,\COMSOL64\Multiphysics\mli\mphgetpair.m,8:%   See also: mphnavigator,,,,,,,,,
rg,D,\COMSOL64\Multiphysics\mli\mphgetphysics.m,"11:% See also: mphnavigator, mphgetphysicsparam",,,,,,,,,
rg,D,\COMSOL64\Multiphysics\mli\mphgetmethods.m,18:%   showall        {'off'} | 'on'   Show all methods (e.g. also 'wait'),,,,,,,,,
rg,D,\COMSOL64\Multiphysics\mli\mphgetmethods.m,"25:%   See also: mphgetproperties, mphgetmodel",,,,,,,,,
rg,D,\COMSOL64\Multiphysics\mli\mphgetmodelnode.m,9:%   See also: mphnavigator,,,,,,,,,
rg,D,\COMSOL64\Multiphysics\mli\mphgetproperties.m,"7:%   [STR, ALLOWED] = MPHGETPROPERTIES(MODELNODE) also returns the structure",,,,,,,,,
rg,D,\COMSOL64\Multiphysics\mli\mphgetproperties.m,"34:%   See also: mphgetproperties, mphgetselection, mphmodel, mphnavigator,",,,,,,,,,
rg,D,\COMSOL64\Multiphysics\mli\mphgetselection.m,"32:%   See also: mphgetexpressions, mphgetproperties, mphmodel, mphnavigator, mphsearch",,,,,,,,,
rg,D,\COMSOL64\Multiphysics\mli\mphgetu.m,73:%   See also: mphsolinfo,,,,,,,,,
rg,D,\COMSOL64\Multiphysics\mli\mphgrain.m,"34:%   See also: mphparticle, mpheval, mphevalpoint, mphint2, mphinterp",,,,,,,,,
rg,D,\COMSOL64\Multiphysics\mli\mphglobal.m,"8:%   [D1,...,DN,UNIT] = MPHGLOBAL(MODEL,{E1,...,EN},...) also returns the",,,,,,,,,
rg,D,\COMSOL64\Multiphysics\mli\mphglobal.m,54:%     % Evaluate the maximum temperature in the model in degrees Celsius,,,,,,,,,
rg,D,\COMSOL64\Multiphysics\mli\mphglobal.m,"85:%   See also: mpheval, mphevalglobalmatrix, mphevalpoint, mphevalpointmatrix,",,,,,,,,,
rg,D,\COMSOL64\Multiphysics\mli\mphimage2geom.m,18:%                                         (in square pixels),,,,,,,,,
rg,D,\COMSOL64\Multiphysics\mli\mphimage2geom.m,20:%                                         coordinates in curves (in pixels),,,,,,,,,
rg,D,\COMSOL64\Multiphysics\mli\mphimage2geom.m,25:%   scale       Value | {1}               Scale factor from pixels to ,,,,,,,,,
rg,D,\COMSOL64\Multiphysics\mli\mphinputmatrix.m,32:%   There is also the possibility to include the constraint force Jacobian ,,,,,,,,,
rg,D,\COMSOL64\Multiphysics\mli\mphinputmatrix.m,"49:%     g.prop('ShapeProperty').set('order', 1).set('boundaryFlux', false);",,,,,,,,,
rg,D,\COMSOL64\Multiphysics\mli\mphinputmatrix.m,"80:%   See also: mphmatrix, mphxmeshinfo",,,,,,,,,
rg,D,\COMSOL64\Multiphysics\mli\mphint2.m,"5:%   integrals of the string expressions E1,...,EN and returns the result",,,,,,,,,
rg,D,\COMSOL64\Multiphysics\mli\mphint2.m,"11:%   [V1,...,VN,UNIT] = MPHINT2(MODEL,{E1,...,EN},EDIM,...) also returns the",,,,,,,,,
rg,D,\COMSOL64\Multiphysics\mli\mphint2.m,"58:%   See also: mpheval, mphevalglobalmatrix, mphevalpoint, mphevalpointmatrix, ",,,,,,,,,
rg,D,\COMSOL64\Multiphysics\mli\mphinterp.m,"144:%   See also: mpheval, mphevalglobalmatrix, mphevalpoint, mphevalpointmatrix,",,,,,,,,,
rg,D,\COMSOL64\Multiphysics\mli\mphinterpolationfile.m,"35:%   See also:  mphquad2tri, mphreadstl, mphsurf, mphwritestl",,,,,,,,,
rg,D,\COMSOL64\Multiphysics\mli\mphlaunch.m,13:%   'ModelTag' in the server. This can also be done using this syntax:,,,,,,,,,
rg,D,\COMSOL64\Multiphysics\mli\mphlaunch.m,"31:%   See also: mphopen, mphload, mphtags",,,,,,,,,
rg,D,\COMSOL64\Multiphysics\mli\mphload.m,"25:%   [MODEL, FILENAMELOADED] = MPHLOAD(FILENAME,...) also returns the full",,,,,,,,,
application_model,D:\COMSOL64\Multiphysics\applications\CFD_Module\Multiphase_Flow\capillary_filling_ls.mph,,,True,official Level Set two-phase application-library reference model,,,,,,,
application_model,D:\COMSOL64\Multiphysics\applications\CFD_Module\Multiphase_Flow\rising_bubble_2daxi.mph,,,True,official Level Set two-phase application-library reference model,,,,,,,
application_model,D:\COMSOL64\Multiphysics\applications\CFD_Module\Multiphase_Flow\inkjet_nozzle_ls.mph,,,True,official Level Set two-phase application-library reference model,,,,,,,
application_model,D:\COMSOL64\Multiphysics\applications\CFD_Module\Multiphase_Flow\dam_break_column_ls.mph,,,True,official Level Set two-phase application-library reference model,,,,,,,
reference_capillary_filling_ls.java,,,,,,physics_create,"physics().create(""spf"", ""LaminarFlow"", ""geom1"")","[""spf"", ""LaminarFlow"", ""geom1""]",,,,
reference_capillary_filling_ls.java,,,,,,physics_create,"physics().create(""ls"", ""LevelSet"", ""geom1"")","[""ls"", ""LevelSet"", ""geom1""]",,,,
reference_capillary_filling_ls.java,,,,,,multiphysics_create,"multiphysics().create(""tpf1"", ""TwoPhaseFlowLevelSet"", 2)","[""tpf1"", ""TwoPhaseFlowLevelSet"", ""2""]",,,,
reference_capillary_filling_ls.java,,,,,,multiphysics_create,"multiphysics().create(""ww1"", ""WettedWall"", 1)","[""ww1"", ""WettedWall"", ""1""]",,,,
reference_capillary_filling_ls.java,,,,,,feature_create,"physics(""spf"").create(""inl1"", ""InletBoundary"", 1)","[""spf"", ""inl1"", ""InletBoundary"", ""1""]",,,,
reference_capillary_filling_ls.java,,,,,,feature_create,"physics(""ls"").create(""inl1"", ""InletBoundary"", 1)","[""ls"", ""inl1"", ""InletBoundary"", ""1""]",,,,
reference_capillary_filling_ls.java,,,,,,feature_create,"physics(""ls"").create(""out1"", ""Outlet"", 1)","[""ls"", ""out1"", ""Outlet"", ""1""]",,,,
reference_capillary_filling_ls.java,,,,,,feature_create,"physics(""spf"").create(""out1"", ""OutletBoundary"", 1)","[""spf"", ""out1"", ""OutletBoundary"", ""1""]",,,,
reference_capillary_filling_ls.java,,,,,,feature_create,"physics(""spf"").create(""init2"", ""init"", 2)","[""spf"", ""init2"", ""init"", ""2""]",,,,
reference_capillary_filling_ls.java,,,,,,multiphysics_set,"multiphysics(""tpf1"").set(""Fluid_physics"", ""spf"");","[""tpf1"", ""Fluid_physics"", ""\""spf\""""]",,,,
reference_capillary_filling_ls.java,,,,,,multiphysics_set,"multiphysics(""tpf1"").set(""Mathematics_physics"", ""ls"");","[""tpf1"", ""Mathematics_physics"", ""\""ls\""""]",,,,
reference_capillary_filling_ls.java,,,,,,multiphysics_set,"multiphysics(""ww1"").set(""Fluid_physics"", ""spf"");","[""ww1"", ""Fluid_physics"", ""\""spf\""""]",,,,
reference_capillary_filling_ls.java,,,,,,multiphysics_set,"multiphysics(""ww1"").set(""Mathematics_physics"", ""ls"");","[""ww1"", ""Mathematics_physics"", ""\""ls\""""]",,,,
reference_capillary_filling_ls.java,,,,,,multiphysics_set,"multiphysics(""tpf1"").set(""multiphaseMaterialList"", ""mpmat1"");","[""tpf1"", ""multiphaseMaterialList"", ""\""mpmat1\""""]",,,,
reference_capillary_filling_ls.java,,,,,,multiphysics_set,"multiphysics(""tpf1"").set(""IncludeSurfaceTension"", true);","[""tpf1"", ""IncludeSurfaceTension"", ""true""]",,,,
reference_capillary_filling_ls.java,,,,,,multiphysics_set,"multiphysics(""ww1"").set(""thetaw"", ""(3*pi/8)[rad]"");","[""ww1"", ""thetaw"", ""\""(3*pi/8)[rad]\""""]",,,,
reference_capillary_filling_ls.java,,,,,,physics_feature_set,"physics(""ls"").feature(""lsm1"").set(""epsilon_ls"", ""5e-6"");","[""ls"", ""lsm1"", ""epsilon_ls"", ""\""5e-6\""""]",,,,
reference_capillary_filling_ls.java,,,,,,physics_feature_set,"physics(""spf"").feature(""inl1"").set(""BoundaryCondition"", ""Pressure"");","[""spf"", ""inl1"", ""BoundaryCondition"", ""\""Pressure\""""]",,,,
reference_capillary_filling_ls.java,,,,,,physics_feature_set,"physics(""ls"").feature(""inl1"").set(""lscond"", ""Fluid2ls"");","[""ls"", ""inl1"", ""lscond"", ""\""Fluid2ls\""""]",,,,
reference_capillary_filling_ls.java,,,,,,physics_feature_set,"physics(""spf"").feature(""out1"").set(""CompensateForHydrostaticPressure"", false);","[""spf"", ""out1"", ""CompensateForHydrostaticPressure"", ""false""]",,,,
reference_capillary_filling_ls.java,,,,,,physics_feature_set,"physics(""spf"").feature(""init2"").set(""CompensateForHydrostaticPressure"", false);","[""spf"", ""init2"", ""CompensateForHydrostaticPressure"", ""false""]",,,,
seed_model,,,,,,set_tpf_property,,,rho1_mat,userdef,PASS,
seed_model,,,,,,set_tpf_property,,,rho1,rho_air,PASS,
seed_model,,,,,,set_tpf_property,,,mu1_mat,userdef,PASS,
seed_model,,,,,,set_tpf_property,,,mu1,mu_air,PASS,
seed_model,,,,,,set_tpf_property,,,rho2_mat,userdef,PASS,
seed_model,,,,,,set_tpf_property,,,rho2,rho_w,PASS,
seed_model,,,,,,set_tpf_property,,,mu2_mat,userdef,PASS,
seed_model,,,,,,set_tpf_property,,,mu2,mu_w,PASS,
seed_model,,,,,,set_tpf_property,,,IncludeSurfaceTension,True,PASS,
seed_model,,,,,,set_tpf_property,,,SurfaceTensionCoefficient,userdef,PASS,
seed_model,,,,,,set_tpf_property,,,sigma,sigma_wa,PASS,
seed_model,,,,,,set_ww_property,,,BoundaryCondition,NavierSlip,PASS,
seed_model,,,,,,set_ww_property,,,TranslationalVelocityOption,Manual,PASS,
seed_model,,,,,,set_ww_property,,,utr,"['0', '-Vwall', '0']",PASS,
seed_model,,,,,,set_ww_property,,,SpecifyContactAngle,SpecifyContactAngleDirectly,PASS,
seed_model,,,,,,set_ww_property,,,thetaw,pi/2,PASS,
seed_model,,,,,,set_ww_property,,,beta,eps_ls,PASS,
seed_model,,,,,,set_ls_initial,,,phils_init,"flc2hs(-z,eps_ls)",PASS,
seed_model,,,,,,set_ls_initial,,,phils,"flc2hs(-z,eps_ls)",PASS,
seed_model,,,,,,set_ls_model,,,epsilon_ls,eps_ls,PASS,
seed_model,,,,,,set_ls_model,,,gamma,0.01[m/s],PASS,
seed_model,,,,,,set_gravity,,,IncludeGravity,True,PASS,
seed_model,,,,,,set_gravity,,,g,"['0', '-g0', '0']",PASS,
seed_exported_java,,,,,,physics_create,"physics().create(""spf"", ""LaminarFlow"", ""geom1"")","[""spf"", ""LaminarFlow"", ""geom1""]",,,,
seed_exported_java,,,,,,physics_create,"physics().create(""ls"", ""LevelSet"", ""geom1"")","[""ls"", ""LevelSet"", ""geom1""]",,,,
seed_exported_java,,,,,,multiphysics_create,"multiphysics().create(""tpf1"", ""TwoPhaseFlowLevelSet"", 2)","[""tpf1"", ""TwoPhaseFlowLevelSet"", ""2""]",,,,
seed_exported_java,,,,,,multiphysics_create,"multiphysics().create(""ww1"", ""WettedWall"", 1)","[""ww1"", ""WettedWall"", ""1""]",,,,
seed_exported_java,,,,,,multiphysics_set,"multiphysics(""tpf1"").set(""Fluid_physics"", ""spf"");","[""tpf1"", ""Fluid_physics"", ""\""spf\""""]",,,,
seed_exported_java,,,,,,multiphysics_set,"multiphysics(""tpf1"").set(""Mathematics_physics"", ""ls"");","[""tpf1"", ""Mathematics_physics"", ""\""ls\""""]",,,,
seed_exported_java,,,,,,multiphysics_set,"multiphysics(""tpf1"").set(""rho1_mat"", ""userdef"");","[""tpf1"", ""rho1_mat"", ""\""userdef\""""]",,,,
seed_exported_java,,,,,,multiphysics_set,"multiphysics(""tpf1"").set(""rho1"", ""rho_air"");","[""tpf1"", ""rho1"", ""\""rho_air\""""]",,,,
seed_exported_java,,,,,,multiphysics_set,"multiphysics(""tpf1"").set(""mu1_mat"", ""userdef"");","[""tpf1"", ""mu1_mat"", ""\""userdef\""""]",,,,
seed_exported_java,,,,,,multiphysics_set,"multiphysics(""tpf1"").set(""mu1"", ""mu_air"");","[""tpf1"", ""mu1"", ""\""mu_air\""""]",,,,
seed_exported_java,,,,,,multiphysics_set,"multiphysics(""tpf1"").set(""rho2_mat"", ""userdef"");","[""tpf1"", ""rho2_mat"", ""\""userdef\""""]",,,,
seed_exported_java,,,,,,multiphysics_set,"multiphysics(""tpf1"").set(""rho2"", ""rho_w"");","[""tpf1"", ""rho2"", ""\""rho_w\""""]",,,,
seed_exported_java,,,,,,multiphysics_set,"multiphysics(""tpf1"").set(""mu2_mat"", ""userdef"");","[""tpf1"", ""mu2_mat"", ""\""userdef\""""]",,,,
seed_exported_java,,,,,,multiphysics_set,"multiphysics(""tpf1"").set(""mu2"", ""mu_w"");","[""tpf1"", ""mu2"", ""\""mu_w\""""]",,,,
seed_exported_java,,,,,,multiphysics_set,"multiphysics(""tpf1"").set(""IncludeSurfaceTension"", true);","[""tpf1"", ""IncludeSurfaceTension"", ""true""]",,,,
seed_exported_java,,,,,,multiphysics_set,"multiphysics(""tpf1"").set(""SurfaceTensionCoefficient"", ""userdef"");","[""tpf1"", ""SurfaceTensionCoefficient"", ""\""userdef\""""]",,,,
seed_exported_java,,,,,,multiphysics_set,"multiphysics(""tpf1"").set(""sigma"", ""sigma_wa"");","[""tpf1"", ""sigma"", ""\""sigma_wa\""""]",,,,
seed_exported_java,,,,,,multiphysics_set,"multiphysics(""ww1"").set(""Fluid_physics"", ""spf"");","[""ww1"", ""Fluid_physics"", ""\""spf\""""]",,,,
seed_exported_java,,,,,,multiphysics_set,"multiphysics(""ww1"").set(""Mathematics_physics"", ""ls"");","[""ww1"", ""Mathematics_physics"", ""\""ls\""""]",,,,
seed_exported_java,,,,,,multiphysics_set,"multiphysics(""ww1"").set(""BoundaryCondition"", ""NavierSlip"");","[""ww1"", ""BoundaryCondition"", ""\""NavierSlip\""""]",,,,
seed_exported_java,,,,,,multiphysics_set,"multiphysics(""ww1"").set(""TranslationalVelocityOption"", ""Manual"");","[""ww1"", ""TranslationalVelocityOption"", ""\""Manual\""""]",,,,
seed_exported_java,,,,,,multiphysics_set,"multiphysics(""ww1"").set(""utr"", new String[]{""0"", ""-Vwall"", ""0""});","[""ww1"", ""utr"", ""new String[]{\""0\"", \""-Vwall\"", \""0\""}""]",,,,
seed_exported_java,,,,,,multiphysics_set,"multiphysics(""ww1"").set(""SpecifyContactAngle"", ""SpecifyContactAngleDirectly"");","[""ww1"", ""SpecifyContactAngle"", ""\""SpecifyContactAngleDirectly\""""]",,,,
seed_exported_java,,,,,,multiphysics_set,"multiphysics(""ww1"").set(""thetaw"", ""pi/2"");","[""ww1"", ""thetaw"", ""\""pi/2\""""]",,,,
seed_exported_java,,,,,,multiphysics_set,"multiphysics(""ww1"").set(""beta"", ""eps_ls"");","[""ww1"", ""beta"", ""\""eps_ls\""""]",,,,
seed_exported_java,,,,,,physics_feature_set,"physics(""spf"").feature(""out_top"").set(""CompensateForHydrostaticPressure"", false);","[""spf"", ""out_top"", ""CompensateForHydrostaticPressure"", ""false""]",,,,
seed_exported_java,,,,,,physics_feature_set,"physics(""ls"").feature(""init1"").set(""phils_init"", ""flc2hs(-z,eps_ls)"");","[""ls"", ""init1"", ""phils_init"", ""\""flc2hs(-z,eps_ls)\""""]",,,,
seed_exported_java,,,,,,physics_feature_set,"physics(""ls"").feature(""init1"").set(""phils"", ""flc2hs(-z,eps_ls)"");","[""ls"", ""init1"", ""phils"", ""\""flc2hs(-z,eps_ls)\""""]",,,,
seed_exported_java,,,,,,physics_feature_set,"physics(""ls"").feature(""lsm1"").set(""epsilon_ls"", ""eps_ls"");","[""ls"", ""lsm1"", ""epsilon_ls"", ""\""eps_ls\""""]",,,,
seed_exported_java,,,,,,physics_feature_set,"physics(""ls"").feature(""lsm1"").set(""gamma"", ""0.01[m/s]"");","[""ls"", ""lsm1"", ""gamma"", ""\""0.01[m/s]\""""]",,,,
seed_exported_java,,,,,,physics_feature_set,"physics(""spf"").feature(""grav1"").set(""g"", new String[]{""0"", ""-g0"", ""0""});","[""spf"", ""grav1"", ""g"", ""new String[]{\""0\"", \""-g0\"", \""0\""}""]",,,,
seed_exported_java,,,,,,physics_create,"physics().create(""spf"", ""LaminarFlow"", ""geom1"")","[""spf"", ""LaminarFlow"", ""geom1""]",,,,
seed_exported_java,,,,,,physics_create,"physics().create(""ls"", ""LevelSet"", ""geom1"")","[""ls"", ""LevelSet"", ""geom1""]",,,,
seed_exported_java,,,,,,multiphysics_create,"multiphysics().create(""tpf1"", ""TwoPhaseFlowLevelSet"", 2)","[""tpf1"", ""TwoPhaseFlowLevelSet"", ""2""]",,,,
seed_exported_java,,,,,,multiphysics_create,"multiphysics().create(""ww1"", ""WettedWall"", 1)","[""ww1"", ""WettedWall"", ""1""]",,,,
seed_exported_java,,,,,,multiphysics_set,"multiphysics(""tpf1"").set(""Fluid_physics"", ""spf"");","[""tpf1"", ""Fluid_physics"", ""\""spf\""""]",,,,
seed_exported_java,,,,,,multiphysics_set,"multiphysics(""tpf1"").set(""Mathematics_physics"", ""ls"");","[""tpf1"", ""Mathematics_physics"", ""\""ls\""""]",,,,
seed_exported_java,,,,,,multiphysics_set,"multiphysics(""tpf1"").set(""rho1_mat"", ""userdef"");","[""tpf1"", ""rho1_mat"", ""\""userdef\""""]",,,,
seed_exported_java,,,,,,multiphysics_set,"multiphysics(""tpf1"").set(""rho1"", ""rho_air"");","[""tpf1"", ""rho1"", ""\""rho_air\""""]",,,,
seed_exported_java,,,,,,multiphysics_set,"multiphysics(""tpf1"").set(""mu1_mat"", ""userdef"");","[""tpf1"", ""mu1_mat"", ""\""userdef\""""]",,,,
seed_exported_java,,,,,,multiphysics_set,"multiphysics(""tpf1"").set(""mu1"", ""mu_air"");","[""tpf1"", ""mu1"", ""\""mu_air\""""]",,,,
seed_exported_java,,,,,,multiphysics_set,"multiphysics(""tpf1"").set(""rho2_mat"", ""userdef"");","[""tpf1"", ""rho2_mat"", ""\""userdef\""""]",,,,
seed_exported_java,,,,,,multiphysics_set,"multiphysics(""tpf1"").set(""rho2"", ""rho_w"");","[""tpf1"", ""rho2"", ""\""rho_w\""""]",,,,
seed_exported_java,,,,,,multiphysics_set,"multiphysics(""tpf1"").set(""mu2_mat"", ""userdef"");","[""tpf1"", ""mu2_mat"", ""\""userdef\""""]",,,,
seed_exported_java,,,,,,multiphysics_set,"multiphysics(""tpf1"").set(""mu2"", ""mu_w"");","[""tpf1"", ""mu2"", ""\""mu_w\""""]",,,,
seed_exported_java,,,,,,multiphysics_set,"multiphysics(""tpf1"").set(""IncludeSurfaceTension"", true);","[""tpf1"", ""IncludeSurfaceTension"", ""true""]",,,,
seed_exported_java,,,,,,multiphysics_set,"multiphysics(""tpf1"").set(""SurfaceTensionCoefficient"", ""userdef"");","[""tpf1"", ""SurfaceTensionCoefficient"", ""\""userdef\""""]",,,,
seed_exported_java,,,,,,multiphysics_set,"multiphysics(""tpf1"").set(""sigma"", ""sigma_wa"");","[""tpf1"", ""sigma"", ""\""sigma_wa\""""]",,,,
seed_exported_java,,,,,,multiphysics_set,"multiphysics(""ww1"").set(""Fluid_physics"", ""spf"");","[""ww1"", ""Fluid_physics"", ""\""spf\""""]",,,,
seed_exported_java,,,,,,multiphysics_set,"multiphysics(""ww1"").set(""Mathematics_physics"", ""ls"");","[""ww1"", ""Mathematics_physics"", ""\""ls\""""]",,,,
seed_exported_java,,,,,,multiphysics_set,"multiphysics(""ww1"").set(""BoundaryCondition"", ""NavierSlip"");","[""ww1"", ""BoundaryCondition"", ""\""NavierSlip\""""]",,,,
seed_exported_java,,,,,,multiphysics_set,"multiphysics(""ww1"").set(""TranslationalVelocityOption"", ""Manual"");","[""ww1"", ""TranslationalVelocityOption"", ""\""Manual\""""]",,,,
seed_exported_java,,,,,,multiphysics_set,"multiphysics(""ww1"").set(""utr"", new String[]{""0"", ""-Vwall"", ""0""});","[""ww1"", ""utr"", ""new String[]{\""0\"", \""-Vwall\"", \""0\""}""]",,,,
seed_exported_java,,,,,,multiphysics_set,"multiphysics(""ww1"").set(""SpecifyContactAngle"", ""SpecifyContactAngleDirectly"");","[""ww1"", ""SpecifyContactAngle"", ""\""SpecifyContactAngleDirectly\""""]",,,,
seed_exported_java,,,,,,multiphysics_set,"multiphysics(""ww1"").set(""thetaw"", ""pi/2"");","[""ww1"", ""thetaw"", ""\""pi/2\""""]",,,,
seed_exported_java,,,,,,multiphysics_set,"multiphysics(""ww1"").set(""beta"", ""eps_ls"");","[""ww1"", ""beta"", ""\""eps_ls\""""]",,,,
seed_exported_java,,,,,,physics_feature_set,"physics(""spf"").feature(""out_top"").set(""CompensateForHydrostaticPressure"", false);","[""spf"", ""out_top"", ""CompensateForHydrostaticPressure"", ""false""]",,,,
seed_exported_java,,,,,,physics_feature_set,"physics(""ls"").feature(""init1"").set(""phils_init"", ""flc2hs(-z,eps_ls)"");","[""ls"", ""init1"", ""phils_init"", ""\""flc2hs(-z,eps_ls)\""""]",,,,
seed_exported_java,,,,,,physics_feature_set,"physics(""ls"").feature(""init1"").set(""phils"", ""flc2hs(-z,eps_ls)"");","[""ls"", ""init1"", ""phils"", ""\""flc2hs(-z,eps_ls)\""""]",,,,
seed_exported_java,,,,,,physics_feature_set,"physics(""ls"").feature(""lsm1"").set(""epsilon_ls"", ""eps_ls"");","[""ls"", ""lsm1"", ""epsilon_ls"", ""\""eps_ls\""""]",,,,
seed_exported_java,,,,,,physics_feature_set,"physics(""ls"").feature(""lsm1"").set(""gamma"", ""0.01[m/s]"");","[""ls"", ""lsm1"", ""gamma"", ""\""0.01[m/s]\""""]",,,,
seed_exported_java,,,,,,physics_feature_set,"physics(""spf"").feature(""grav1"").set(""g"", new String[]{""0"", ""-g0"", ""0""});","[""spf"", ""grav1"", ""g"", ""new String[]{\""0\"", \""-g0\"", \""0\""}""]",,,,
reference_capillary_filling_ls.java,,,,,,physics_create,"physics().create(""spf"", ""LaminarFlow"", ""geom1"")","[""spf"", ""LaminarFlow"", ""geom1""]",,,,
reference_capillary_filling_ls.java,,,,,,physics_create,"physics().create(""ls"", ""LevelSet"", ""geom1"")","[""ls"", ""LevelSet"", ""geom1""]",,,,
reference_capillary_filling_ls.java,,,,,,multiphysics_create,"multiphysics().create(""tpf1"", ""TwoPhaseFlowLevelSet"", 2)","[""tpf1"", ""TwoPhaseFlowLevelSet"", ""2""]",,,,
reference_capillary_filling_ls.java,,,,,,multiphysics_create,"multiphysics().create(""ww1"", ""WettedWall"", 1)","[""ww1"", ""WettedWall"", ""1""]",,,,
reference_capillary_filling_ls.java,,,,,,feature_create,"physics(""spf"").create(""inl1"", ""InletBoundary"", 1)","[""spf"", ""inl1"", ""InletBoundary"", ""1""]",,,,
reference_capillary_filling_ls.java,,,,,,feature_create,"physics(""ls"").create(""inl1"", ""InletBoundary"", 1)","[""ls"", ""inl1"", ""InletBoundary"", ""1""]",,,,
reference_capillary_filling_ls.java,,,,,,feature_create,"physics(""ls"").create(""out1"", ""Outlet"", 1)","[""ls"", ""out1"", ""Outlet"", ""1""]",,,,
reference_capillary_filling_ls.java,,,,,,feature_create,"physics(""spf"").create(""out1"", ""OutletBoundary"", 1)","[""spf"", ""out1"", ""OutletBoundary"", ""1""]",,,,
reference_capillary_filling_ls.java,,,,,,feature_create,"physics(""spf"").create(""init2"", ""init"", 2)","[""spf"", ""init2"", ""init"", ""2""]",,,,
reference_capillary_filling_ls.java,,,,,,multiphysics_set,"multiphysics(""tpf1"").set(""Fluid_physics"", ""spf"");","[""tpf1"", ""Fluid_physics"", ""\""spf\""""]",,,,
reference_capillary_filling_ls.java,,,,,,multiphysics_set,"multiphysics(""tpf1"").set(""Mathematics_physics"", ""ls"");","[""tpf1"", ""Mathematics_physics"", ""\""ls\""""]",,,,
reference_capillary_filling_ls.java,,,,,,multiphysics_set,"multiphysics(""ww1"").set(""Fluid_physics"", ""spf"");","[""ww1"", ""Fluid_physics"", ""\""spf\""""]",,,,
reference_capillary_filling_ls.java,,,,,,multiphysics_set,"multiphysics(""ww1"").set(""Mathematics_physics"", ""ls"");","[""ww1"", ""Mathematics_physics"", ""\""ls\""""]",,,,
reference_capillary_filling_ls.java,,,,,,multiphysics_set,"multiphysics(""tpf1"").set(""multiphaseMaterialList"", ""mpmat1"");","[""tpf1"", ""multiphaseMaterialList"", ""\""mpmat1\""""]",,,,
reference_capillary_filling_ls.java,,,,,,multiphysics_set,"multiphysics(""tpf1"").set(""IncludeSurfaceTension"", true);","[""tpf1"", ""IncludeSurfaceTension"", ""true""]",,,,
reference_capillary_filling_ls.java,,,,,,multiphysics_set,"multiphysics(""ww1"").set(""thetaw"", ""(3*pi/8)[rad]"");","[""ww1"", ""thetaw"", ""\""(3*pi/8)[rad]\""""]",,,,
reference_capillary_filling_ls.java,,,,,,physics_feature_set,"physics(""ls"").feature(""lsm1"").set(""epsilon_ls"", ""5e-6"");","[""ls"", ""lsm1"", ""epsilon_ls"", ""\""5e-6\""""]",,,,
reference_capillary_filling_ls.java,,,,,,physics_feature_set,"physics(""spf"").feature(""inl1"").set(""BoundaryCondition"", ""Pressure"");","[""spf"", ""inl1"", ""BoundaryCondition"", ""\""Pressure\""""]",,,,
reference_capillary_filling_ls.java,,,,,,physics_feature_set,"physics(""ls"").feature(""inl1"").set(""lscond"", ""Fluid2ls"");","[""ls"", ""inl1"", ""lscond"", ""\""Fluid2ls\""""]",,,,
reference_capillary_filling_ls.java,,,,,,physics_feature_set,"physics(""spf"").feature(""out1"").set(""CompensateForHydrostaticPressure"", false);","[""spf"", ""out1"", ""CompensateForHydrostaticPressure"", ""false""]",,,,
reference_capillary_filling_ls.java,,,,,,physics_feature_set,"physics(""spf"").feature(""init2"").set(""CompensateForHydrostaticPressure"", false);","[""spf"", ""init2"", ""CompensateForHydrostaticPressure"", ""false""]",,,,
