round_start_time,active_task,active_task_archive,executed,pushed,commit_sha,notes
2026-06-20T13:20:00+08:00,tasks/NEXT_TASK.md,tasks/20260620_132000_T004_raw_array_extraction_recompute.md,YES,YES,4746c10360de0cbef2dbb5c2a9b9d257f1c271d5,"T004 completed as PARTIAL: G2/G3 raw arrays and postprocessing PASS; remaining priority cases not attempted; Stage6 and real Hmax gates remain NO."
2026-06-20T14:38:04+08:00,tasks/NEXT_TASK.md,tasks/20260620_132000_T004_raw_array_extraction_recompute.md,NO,YES,494205ad5b98fb0d5afa37d33d34677d01a04b1e,Heartbeat only: active task unchanged from completed T004; no new task version detected after git pull --ff-only.
2026-06-20T14:49:07+08:00,tasks/NEXT_TASK.md,tasks/20260620_132000_T004_raw_array_extraction_recompute.md,NO,YES,5ecbeb0e55ef564b9b51e29200c57707e0fcfe8c,Heartbeat only: active task unchanged from completed T004; no new task version detected after git pull --ff-only.
2026-06-20T15:02:03+08:00,tasks/NEXT_TASK.md,tasks/20260620_150000_T005_continue_raw_array_extraction_remaining_cases.md,YES,YES,ed36015cf3a16d11849b546b7616cfda3579d33c,T005 executed for W10/W0 under bounded runtime; both extraction and postprocess PASS; Stage6 and real Hmax gates remain NO.
2026-06-20T15:12:38+08:00,tasks/NEXT_TASK.md,tasks/20260620_150000_T005_continue_raw_array_extraction_remaining_cases.md,NO,YES,87327e7b099d0e14417e282427d96b96f824f4ae,Heartbeat only: active task unchanged from completed T005; no new task version detected after git pull --ff-only.
2026-06-20T15:22:48+08:00,tasks/NEXT_TASK.md,tasks/20260620_150000_T005_continue_raw_array_extraction_remaining_cases.md,NO,YES,6d63aebb7d4c035e931a36b444fea22281554090,Heartbeat only: active task unchanged from completed T005; no new task version detected after git pull --ff-only.
2026-06-20T15:36:12+08:00,tasks/NEXT_TASK.md,tasks/20260620_153000_T006_finish_remaining_contact_angle_slip_extraction.md,YES,YES,4f479480407db6864cf93ebe8f62b7e081841a6d,T006 executed for W2/W3/W4/W7/W8; all extraction and postprocess PASS; Stage6 and real Hmax gates remain NO.
2026-06-20T15:50:39+08:00,tasks/NEXT_TASK.md,tasks/20260620_154500_T007_diagnostic_d0_d1_d2_displacement_regression.md,YES,YES,59b1493e222e7528c27c6719d914d47e52ffcbd8,T007 executed for D0/D1/D2; semantics recovered; all extraction and postprocess PASS; Hmax remains non-real; Stage6 and real Hmax gates remain NO.
2026-06-20T16:12:07+08:00,tasks/NEXT_TASK.md,tasks/20260620_160000_T008_narrow_diagnostic_displacement_ladder.md,YES,YES,a70e1e0253e40c6c2cc15ac8686c3172023d556c,T008 executed for D3/D4/D5 narrow diagnostic displacement ladder; all solve/extraction/postprocess PASS; Hmax remains non-real; Stage6 and real Hmax gates remain NO.
